"member","mean","sd","ci"
1,105.658411962645,3.28583805356974,6.4402425849967
2,109.053910888669,3.73860785057655,7.32767138713004
3,104.540584320584,3.24264166713569,6.35557766758595
4,109.328918624723,3.58798896468372,7.03245837078009
5,120.574227928587,3.29223894871011,6.45278833947181
6,131.984432224795,3.87198088856514,7.58908254158766
7,127.189851433096,3.5446652140311,6.94754381950095
8,123.68815343454,3.60705503208434,7.06982786288531
