"mean","sd","ci"
116.502311352205,10.5434585051687,20.6651786701306
